Rank,Schoolname,Shortname,Tuition,Enrollment,Deadline1,Deadline2,Deadline3,,GMAT,Address,Phone,Email,Site,GPA,Experience,Overview,Picture,,,,,,,,,,Website,Decision Release Date
#1Tie,"Harvard University Boston, MA",Harvard,"$72,000 per year (full-time)",1857,"Sep 6, 2017","Jan 3, 2018","Apr 2, 2018",,729,"Dillon House, Boston, MA 02163",1.617.495.6128,admissions@hbs.edu,https://apply.hbs.edu/apply/,3.71,4.25,"The Business School at Harvard University offers these departments and concentrations: accounting, consulting, e-commerce, economics, entrepreneurship, ethics, finance, general management, health care administration, human resources management, international business, leadership, manufacturing and technology management, marketing, not-for-profit management, production/operations management, organizational behavior, portfolio management, public administration, public policy, real estate, sports business, supply chain management/logistics, quantitative analysis/statistics and operations research, tax, and technology. At graduation, 78.9 percent of graduates of the full-time program are employed.",https://drive.google.com/file/d/1QfPF0qlM_-o85ecQzVgDzDWtV9oWa5jr/view?usp=sharing,,,,,,,,,,https://www.hbs.edu/mba/Pages/default.aspx,
#1Tie,"University of Chicago (Booth) Chicago, IL",Booth,"$69,200 per year (full-time)",1176,,,,,730,,773.702.7369,admissions@ChicagoBooth.edu,https://www.chicagobooth.edu/programs/online-application,3.6,5,,,,,,,,,,,,https://www.chicagobooth.edu/,
#3,"University of Pennsylvania (Wharton) Philadelphia, PA",Wharton,"$70,200 per year (full-time)",1737,"Sep 18, 2018","Jan 3, 2019","Apr 2, 2019",,730,"Vance Hall, Suite 111, 3733 Spruce Street",1.215.898.6183,mba-admiss@wharton.upenn.edu,https://www.applyweb.com/upennw/index.ftl,3.6,5,"The Wharton School at University of Pennsylvania offers these departments and concentrations: accounting, actuarial science, e-commerce, economics, entrepreneurship, finance, general management, health care administration, human resources management, insurance, international business, marketing, production/operations management, public policy, real estate, and quantitative analysis/statistics and operations research. At graduation, 82.3 percent of graduates of the full-time program are employed. The Wharton School at the University of Pennsylvania was the U.S.’s first business school and now has the largest alumni network in the country.",https://drive.google.com/file/d/1YLXm8CBEFEtShDzzuCBEgpNjWBbBA8-A/view?usp=sharing,,,,,,,,,,https://mba.wharton.upenn.edu/,
#4,"Stanford University Stanford, CA",Stanford,"$68,868 per year (full-time)",853,,,,,737,,1(650)723-2766,https://www.gsb.stanford.edu/programs/mba/contact/ask-question,https://stanfordgsbapps.secure.force.com/public?pan=adm&program=mba,3.74,4,,,,,,,,,,,,https://www.gsb.stanford.edu/programs/mba,
#5,"Massachusetts Institute of Technology (Sloan) Cambridge, MA",Sloan,"$71,000 per year (full-time)",813,"Sep 25, 2017","Jan 17, 2018","Apr 9, 2018",,722,"77 Massachusetts Avenue, Cambridge, MA 02139",(617) 258-5434,mbaadmissions.mitsloan@mit.edu ,http://mitsloan.mit.edu/mba/admissions/apply/,3.49,4.87,"The Sloan School of Management at Massachusetts Institute of Technology offers these departments and concentrations: accounting, economics, entrepreneurship, finance, general management, health care administration, human resources management, industrial management, international business, leadership, manufacturing and technology management, marketing, management information systems, production/operations management, organizational behavior, supply chain management/logistics, quantitative analysis/statistics and operations research, tax, and technology. At graduation, 84.2 percent of graduates of the full-time program are employed.",https://drive.google.com/file/d/1eWmafR9WdaoHlck4xt2I5sFDgrLE6C-T/view?usp=sharing,,,,,,,,,,http://mitsloan.mit.edu/mba/,5/14/2018 (round 3)
#6,"Northwestern University (Kellogg) Evanston, IL",Kellogg,"$68,955 per year (full-time)",1296,"Sep 20, 2017","Jan 10, 2018","Apr 11, 2018",,732,"2211 Campus Drive, Evanston, IL 60208",847-491-3308,MBAadmissions@kellogg.northwestern.edu,https://apply.kellogg.northwestern.edu/apply/,3.6,5.1,"The Kellogg School of Management at Northwestern University offers these departments and concentrations: accounting, economics, entrepreneurship, finance, general management, health care administration, human resources management, international business, marketing, not-for-profit management, production/operations management, organizational behavior, public policy, real estate, and quantitative analysis/statistics and operations research. At graduation, 81.6 percent of graduates of the full-time program are employed.",https://drive.google.com/file/d/1NOitjXPty0O3-2ghoCXdnoeoNpPSmjRj/view?usp=sharing,,,,,,,,,,http://www.kellogg.northwestern.edu/,5/16/2018 (Round 3)
#7Tie,"University of California—​Berkeley (Haas) Berkeley, CA",Haas,"$58,794 per year (in-state, full-time); $59,811 per year (out-of-state, full-time)",543,,,,,725,,(510) 642-1405,mbaadm@haas.berkeley.edu,https://mba.haas.berkeley.edu/admissions/,3.71,5,,,,,,,,,,,,https://mba.haas.berkeley.edu/,5/10/2018 (Round 3)
#7Tie,"University of Michigan—​Ann Arbor (Ross) Ann Arbor, MI",Ross,"$62,300 per year (in-state, full-time); $67,300 per year (out-of-state, full-time)",824,"Oct 2, 2017","Jan 2, 2018","Mar 19, 2018",,716,"701 Tappan Street, Ann Arbor, MI 48109-1234",734.763.5796,rossadmissions@umich.edu,https://applyweb.collegenet.com/account/new/create?origin=https%3A%2F%2Fwww.applyweb.com%2Fshibboleth%2Fgatekeeper%3Fdest%3Dhttps%253A%252F%252Fwww.applyweb.com%252Fumross%252F,3.5,NA,"The Stephen M. Ross School of Business at University of Michigan--Ann Arbor offers these departments and concentrations: accounting, consulting, economics, entrepreneurship, finance, general management, health care administration, human resources management, international business, leadership, manufacturing and technology management, marketing, production/operations management, organizational behavior, portfolio management, real estate, supply chain management/logistics, quantitative analysis/statistics and operations research, and technology. At graduation, 89.7 percent of graduates of the full-time program are employed.",https://drive.google.com/file/d/1auK6MmfZ5V08F8iLsiwT3KZ2rX4odBmt/view?usp=sharing,,,,,,,,,,https://michiganross.umich.edu/,
#9,"Columbia University New York, NY",Columbia,"$71,544 per year (full-time)",1297,,,,,724,,212-854-1961,apply@gsb.columbia.edu,https://www8.gsb.columbia.edu/programs/mba/admissions/ready-to-apply,3.5,5,,,,,,,,,,,,https://www8.gsb.columbia.edu/,
#10,"Dartmouth College (Tuck) Hanover, NH",Tuck,"$68,910 per year (full-time)",582,"Early Action Round: October 4, 2017","November Round: November 1, 2017","January Round: January 3, 2018","April Round: April 4, 2018",722,"100 Tuck Hall, Hanover, NH 03755",,https://apply.tuck.dartmouth.edu/register/mbainquiry,http://www.tuck.dartmouth.edu/admissions/applying-to-tuck,3.51,5.25,"The Tuck School of Business at Dartmouth College offers these departments and concentrations: accounting, consulting, e-commerce, economics, entrepreneurship, ethics, finance, general management, health care administration, human resources management, industrial management, international business, leadership, manufacturing and technology management, marketing, not-for-profit management, production/operations management, organizational behavior, portfolio management, public policy, real estate, supply chain management/logistics, quantitative analysis/statistics and operations research, tax, and technology. At graduation, 80.2 percent of graduates of the full-time program are employed.",https://drive.google.com/file/d/1-YbhkRYDsalStb6O5zFIsQdVF8DSC1Kb/view?usp=sharing,,,,,,,,,,http://www.tuck.dartmouth.edu/mba,
#11Tie,"Duke University (Fuqua) Durham, NC",Fuqua,"$65,665 per year (full-time)",882,,,,,702,,1 919.660.7705,admissions-info@fuqua.duke.edu,https://app.applyyourself.com/AYApplicantLogin/fl_ApplicantLogin.asp?id=fuqua-mba,,,,,,,,,,,,,,https://www.fuqua.duke.edu/,5/1/2018 (Round 3)
#11Tie,"Yale University New Haven, CT",Yale,"$66,650 per year (full-time)",716,"Sep 13, 2017","Jan 4, 2018","Apr 18, 2018",,727,"Edward P. Evans Hall, 165 Whitney Avenue, New Haven, CT 06511-3729",1 203-432-5635  ,mba.admissions@yale.edu,https://admissions.som.yale.edu/apply/,3.69,3-5,"The School of Management at Yale University offers these departments and concentrations: accounting, economics, entrepreneurship, ethics, finance, general management, health care administration, human resources management, international business, leadership, marketing, not-for-profit management, production/operations management, organizational behavior, portfolio management, public administration, supply chain management/logistics, and quantitative analysis/statistics and operations research. At graduation, 75.2 percent of graduates of the full-time program are employed.",https://drive.google.com/file/d/1JJCAWrj3PUwD8M3Ab3aG6L9qj5G_UMxN/view?usp=sharing,,,,,,,,,,https://som.yale.edu/programs/mba,5/17/2018 (Round 3)
#13Tie,"New York University (Stern) New York, NY",Stern,"$69,086 per year (full-time)",779,"Oct 15, 2017","Jan 15, 2018","March 15, 2018",,714,"Henry Kaufman Management Center, 44 West Fourth Street, New York, NY 10012",(212) 998-0100,sternmba@stern.nyu.edu,https://apply.stern.nyu.edu/apply/,3.48,4.9,"The Leonard N. Stern School of Business at New York University offers these departments and concentrations: accounting, arts administration, consulting, e-commerce, economics, entrepreneurship, finance, general management, international business, leadership, manufacturing and technology management, marketing, management information systems, not-for-profit management, production/operations management, organizational behavior, real estate, supply chain management/logistics, quantitative analysis/statistics and operations research, and technology. At graduation, 79.1 percent of graduates of the full-time program are employed.",https://drive.google.com/file/d/10uXKxFgbrFcy9LTMnyTXflq9iywzCqI5/view?usp=sharing,,,,,,,,,,http://www.stern.nyu.edu/programs-admissions/mba-programs,6/1/2018 (Round 3)
#13Tie,"University of Virginia (Darden) Charlottesville, VA",Darden,"$60,024 per year (in-state, full-time); $62,342 per year (out-of-state, full-time)",671,,,,,713,,1-434-924-7281,darden@virginia.edu,https://apply.darden.virginia.edu/apply/,,,,,,,,,,,,,,https://www.darden.virginia.edu/mba/,5/10/2018 (round 3)
#15,"Cornell University (Johnson) Ithaca, NY",Johnson,"$63,894 per year (full-time)",573,,,,,700,,(607) 255-4526,mba@johnson.cornell.edu,https://wdbcs.secure.force.com/apply,,,,,,,,,,,,,,https://www.johnson.cornell.edu/,5/1/2018 (April Round)
#16,"University of California—​Los Angeles (Anderson) Los Angeles, CA",Anderson,"$56,927 per year (in-state, full-time); $58,458 per year (out-of-state, full-time)",725,,,,,716,,310.825.6944 ,mba.admits@anderson.ucla.edu,https://apply.anderson.ucla.edu/apply/,,,,,,,,,,,,,,http://www.anderson.ucla.edu/,
#17Tie,"Carnegie Mellon University (Tepper) Pittsburgh, PA",Tepper,"$64,000 per year (full-time)",446,,,,,691,,412-268-5687,mba-admissions@andrew.cmu.edu,https://www.cmu.edu/tepper/programs/mba/admissions/apply/index.html,,,,,,,,,,,,,,https://www.cmu.edu/tepper/index.html,5/9/2018 (Round 3); 5/23/2018 (Round 4)
#17Tie,"University of Texas—​Austin (McCombs) Austin, TX",McCombs,"$35,324 per year (in-state, full-time); $51,804 per year (out-of-state, full-time)",527,,,,,703,,(512) 471-5921,texasmba@mccombs.utexas.edu,https://graduate-admissions.mccombs.utexas.edu/apply/,,,,,,,,,,,,,,https://www.mccombs.utexas.edu/MBA,5/10/2018 (R3)
#19,"University of North Carolina—​Chapel Hill (Kenan-​Flagler) Chapel Hill, NC",Kenan-Flagler,"$43,015 per year (in-state, full-time); $58,138 per year (out-of-state, full-time)",581,,,,,701,,919.962.3236,mba_info@unc.edu,http://www.kenan-flagler.unc.edu/admissions/mba/apply,,,,,,,,,,,,,,http://www.kenan-flagler.unc.edu/programs/mba-portfolio,
#20Tie,"Emory University (Goizueta) Atlanta, GA",Goizueta,"$59,000 per year (full-time)",352,,,,,682,,(404) 727-6311,MBAadmissions@emory.edu,https://mbaadmissions.emory.edu/apply/?_ga=2.56187115.1919504544.1523945832-254350311.1523945832,,,,,,,,,,,,,,https://goizueta.emory.edu/,
#20Tie,"University of Southern California (Marshall) Los Angeles, CA",Marshall,"$60,951 per year (full-time)",454,,,,,703,,213-740-7846,marshallmba@marshall.usc.edu,https://usc.liaisoncas.com/applicant-ux/#/login,,,,,,,,,,,,,,https://www.marshall.usc.edu/programs/mba-programs,6/15/2018 (r3)
#22,"University of Washington (Foster) Seattle, WA",Foster,"$32,274 per year (in-state, full-time); $47,541 per year (out-of-state, full-time)",221,,,,,693,,(206) 543-4661,mba@uw.edu,https://grad.uw.edu/admissions/apply-now/,,,,,,,,,,,,,,https://foster.uw.edu/,5/15/18 R3
#23Tie,"Rice University (Jones) Houston, TX",Jones,"$55,500 per year (full-time)",228,,,,,711,,713-348-4918,https://business.rice.edu/department/mba-recruiting-and-admissions/contact-our-team,https://apply.business.rice.edu/apply/,,,,,,,,,,,,,,https://business.rice.edu/,5/10/18 R3
#23Tie,"Washington University in St. Louis (Olin) St. Louis, MO",Olin,"$57,900 per year (full-time)",272,,,,,694,,(314) 935-7301,OlinGradAdmissions@wustl.edu,https://olin.wustl.edu/EN-US/academic-programs/full-time-MBA/admissions/Pages/apply.aspx,,,,,,,,,,,,,,https://olin.wustl.edu/EN-US/Pages/default.aspx,5/9/18 R3
#25,"Georgetown University (McDonough) Washington, DC",McDonough,"$56,400 per year (full-time)",562,,,,,692,,can't find,GeorgetownMBA@georgetown.edu ,https://app.applyyourself.com/AYApplicantLogin/fl_ApplicantConnectLogin.asp?id=gtu-mba,,,,,,,,,,,,,,https://msb.georgetown.edu/mba,
#26,"Vanderbilt University (Owen) Nashville, TN",Owen,"$53,990 per year (full-time)",347,,,,,688,,615.322.6469,mba@owen.vanderbilt.edu,https://apply.owen.vanderbilt.edu/apply/,,,,,,,,,,,,,,https://business.vanderbilt.edu/mba/,
#27,"Indiana University (Kelley) Bloomington, IN",Kelley,"$26,265 per year (in-state, full-time); $47,128 per year (out-of-state, full-time)",392,,,,,678,,800.994.8622 or 812.855.8006,iumba@indiana.edu,https://sisjee.iu.edu/sisad-prd/p/Guest.do?methodToCall=start&inst=IUBLA&career=GRAD&parm1=DEGR,,,,,,,,,,,,,,https://kelley.iu.edu/programs/full-time-mba/index.cshtml,
#28,"Georgia Institute of Technology (Scheller) Atlanta, GA",Scheller,"$29,232 per year (in-state, full-time); $40,180 per year (out-of-state, full-time)",158,,,,,680,,404.894.8722,https://www.scheller.gatech.edu/contact-us.html?area=Full-time+MBA,https://applyweb.collegenet.com/account/new/create?origin=https%3A%2F%2Fwww.applyweb.com%2Fshibboleth%2Fgatekeeper%3Fdest%3Dhttps%253A%252F%252Fwww.applyweb.com%252Fgatechg%252F,,,,,,,,,,,,,,https://www.scheller.gatech.edu/degree-programs/mba/full-time-program/index.html,
#29Tie,"Arizona State University (Carey) Tempe, AZ",Carey,"$28,240 per year (in-state, full-time); $46,176 per year (out-of-state, full-time)",227,,,,,682,,480-965-3332,wpcareymasters@asu.edu,wpcareymasters@asu.edu,,,,,,,,,,,,,,https://wpcarey.asu.edu/mba-programs/full-time,
#29Tie,"University of Minnesota—​Twin Cities (Carlson) Minneapolis, MN",Carison,"$38,208 per year (in-state, full-time); $48,936 per year (out-of-state, full-time)",200,,,,,676,,"612-625-0027
877-625-6468",csom@umn.edu,https://work.csom.umn.edu/onlineapp/landing/ftmba,,,,,,,,,,,,,,https://carlsonschool.umn.edu/degrees/master-business-administration/full-time-mba,
